Date,ONI,cocoa_price,coffee_price,gold_price,soybean_price,wheat_price,natural_gas_price,us_interest_rate,usd_index
2000-09-30,-0.42,797.0,83.0,273.6000061035156,499.0,258.0,5.199999809265137,6.03000020980835,113.25
2000-11-30,-0.76,704.0,67.19999694824219,270.1000061035156,502.0,252.5,6.579999923706055,6.010000228881836,115.23999786376953
2000-12-31,-0.78,758.0,65.55000305175781,272.0,499.0,272.75,9.774999618530273,5.730000019073486,109.55999755859375
2001-01-31,-0.76,1020.0,63.75,265.6000061035156,459.75,271.0,5.650000095367432,4.840000152587891,110.5199966430664
2001-02-28,-0.54,1131.0,63.900001525878906,266.79998779296875,454.75,257.5,5.244999885559082,4.71999979019165,112.01000213623047
2001-03-31,-0.43,1073.0,60.29999923706055,257.8999938964844,436.0,265.0,5.03000020980835,4.179999828338623,117.37000274658203
2001-05-31,-0.19,936.0,57.150001525878906,265.29998779296875,438.0,264.75,3.9140000343322754,3.5399999618530273,119.06999969482422
2001-06-30,-0.08,974.0,56.099998474121094,270.6000061035156,457.5,244.75,3.0959999561309814,3.559999942779541,119.43000030517578
2001-08-31,-0.13,927.0,50.5,274.3999938964844,474.5,274.25,2.380000114440918,3.2799999713897705,113.41999816894531
2001-09-30,-0.15,1077.0,48.29999923706055,292.3999938964844,460.25,275.0,2.24399995803833,2.299999952316284,113.4800033569336
2001-10-31,-0.26,1017.0,43.900001525878906,279.5,431.0,295.25,3.2909998893737793,2.009999990463257,114.86000061035156
2001-11-30,-0.33,1355.0,42.599998474121094,273.8999938964844,439.5,278.0,2.7009999752044678,1.7300000190734863,116.12999725341797
2001-12-31,-0.32,1310.0,46.20000076293945,278.70001220703125,423.75,291.0,2.569999933242798,1.6699999570846558,116.75
2002-01-31,-0.15,1344.0,45.099998474121094,282.1000061035156,429.5,286.5,2.1500000953674316,1.7200000286102295,120.23999786376953
2002-02-28,0.07,1466.0,44.75,296.70001220703125,442.5,271.5,2.3550000190734863,1.7200000286102295,119.16000366210938
2002-03-31,0.11,1494.0,57.20000076293945,302.6000061035156,473.5,294.5,3.244999885559082,1.7400000095367432,118.62000274658203
2002-04-30,0.15,1540.0,50.70000076293945,308.8999938964844,462.25,261.75,3.765000104904175,1.7300000190734863,115.19000244140625
2002-05-31,0.3,1598.0,51.900001525878906,326.5,508.75,282.25,3.2170000076293945,1.7050000429153442,111.80999755859375
2002-06-30,0.45,1630.0,46.5,313.5,536.5,307.0,3.244999885559082,1.659000039100647,106.11000061035156
2002-07-31,0.57,1787.0,46.79999923706055,303.20001220703125,567.5,334.0,2.9539999961853027,1.6649999618530273,107.41000366210938
2002-08-31,0.63,2012.0,51.5,312.3999938964844,559.0,362.25,3.2960000038146973,1.6449999809265137,106.9800033569336
2002-10-31,0.99,1927.0,65.94999694824219,318.0,565.25,402.25,4.156000137329102,1.4170000553131104,106.63999938964844
2002-11-30,1.19,1750.0,66.5999984741211,316.79998779296875,578.75,373.0,4.199999809265137,1.2020000219345093,106.41000366210938
2003-01-31,0.9,2409.0,65.30000305175781,368.29998779296875,564.0,320.5,5.605000019073486,1.1480000019073486,99.91000366210938
2003-02-28,0.59,2080.0,56.849998474121094,350.20001220703125,577.0,312.5,8.10099983215332,1.1749999523162842,99.70999908447266
2003-03-31,0.38,1960.0,58.650001525878906,335.8999938964844,574.5,286.75,5.059999942779541,1.090000033378601,99.05999755859375
2003-04-30,-0.01,2076.0,68.25,339.1000061035156,623.5,279.5,5.385000228881836,1.1009999513626099,97.19000244140625
2003-05-31,-0.18,1493.0,58.349998474121094,364.5,624.5,324.25,6.25,1.0850000381469727,93.2699966430664
2003-07-31,0.09,1465.0,63.45000076293945,354.0,532.5,348.5,4.7179999351501465,0.9269999861717224,96.88999938964844
2003-08-31,0.14,1820.0,61.45000076293945,375.70001220703125,595.0,367.5,4.730999946594238,0.9599999785423279,98.0999984741211
2003-09-30,0.23,1626.0,62.900001525878906,385.3999938964844,677.25,360.25,4.829999923706055,0.9259999990463257,92.8499984741211
2003-10-31,0.23,1440.0,58.650001525878906,384.5,794.25,369.5,4.89300012588501,0.9319999814033508,92.7300033569336
2003-11-30,0.29,1446.0,57.75,396.79998779296875,756.25,406.75,4.925000190734863,0.9079999923706055,90.20999908447266
2003-12-31,0.29,1515.0,64.94999694824219,415.70001220703125,789.0,377.0,6.189000129699707,0.9070000052452087,86.91999816894531
2004-01-31,0.34,1520.0,75.5,402.20001220703125,819.5,389.0,5.396999835968018,0.8970000147819519,87.19999694824219
2004-03-31,0.19,1549.0,73.75,427.29998779296875,995.0,408.0,5.933000087738037,0.9229999780654907,87.61000061035156
2004-04-30,0.1,1413.0,67.1500015258789,387.0,1034.0,381.5,5.861999988555908,0.9520000219345093,90.4800033569336
2004-05-31,0.12,1465.0,85.55000305175781,394.0,814.0,362.0,6.441999912261963,1.0520000457763672,88.94999694824219
2004-06-30,0.22,1336.0,73.0999984741211,392.6000061035156,893.0,338.0,6.15500020980835,1.3029999732971191,88.80000305175781
2004-07-31,0.39,1645.0,66.44999694824219,391.0,599.5,312.25,6.111999988555908,1.4119999408721924,89.95999908447266
2004-09-30,0.58,1453.0,82.3499984741211,418.70001220703125,527.0,306.75,6.795000076293945,1.6740000247955322,87.36000061035156
2004-10-31,0.61,1469.0,74.4000015258789,428.5,527.5,316.5,8.725000381469727,1.8669999837875366,84.91000366210938
2004-11-30,0.64,1661.0,94.44999694824219,451.29998779296875,534.75,289.75,7.619999885559082,2.181999921798706,81.81999969482422
2004-12-31,0.71,1547.0,103.75,437.5,547.75,307.5,6.14900016784668,2.181999921798706,80.8499984741211
2005-01-31,0.62,1525.0,105.3499984741211,421.79998779296875,514.75,291.0,6.321000099182129,2.421999931335449,83.5999984741211
2005-02-28,0.55,1715.0,119.1500015258789,436.5,615.5,337.25,6.730000019073486,2.690000057220459,82.51000213623047
2005-03-31,0.4,1613.0,126.4000015258789,428.70001220703125,627.5,331.0,7.6529998779296875,2.7219998836517334,84.05999755859375
2005-04-30,0.37,1459.0,125.1500015258789,435.0,619.25,318.0,6.585000038146973,2.8369998931884766,84.43000030517578
2005-06-30,0.09,1440.0,104.6500015258789,435.8999938964844,651.75,321.5,6.980999946594238,3.059999942779541,89.11000061035156
2005-07-31,-0.04,1479.0,103.1500015258789,429.8999938964844,671.75,327.75,7.885000228881836,3.3320000171661377,89.3499984741211
2005-08-31,-0.14,1350.0,97.75,433.79998779296875,586.75,301.5,11.472000122070312,3.430000066757202,87.58000183105469
2005-09-30,-0.11,1413.0,93.44999694824219,469.0,573.25,346.25,13.920999526977539,3.4700000286102295,89.5199966430664
2005-10-31,-0.27,1351.0,96.6500015258789,465.1000061035156,564.75,317.0,12.204999923706055,3.805000066757202,90.06999969482422
2005-11-30,-0.57,1408.0,93.0,494.6000061035156,558.0,304.0,12.630000114440918,3.8570001125335693,91.56999969482422
2005-12-31,-0.82,1504.0,107.0999984741211,517.0999755859375,602.0,339.25,11.225000381469727,3.984999895095825,91.16999816894531
2006-02-28,-0.8,1450.0,111.80000305175781,561.5999755859375,580.25,370.25,6.714000225067139,4.506999969482422,90.11000061035156
2006-03-31,-0.63,1489.0,107.0,581.7999877929688,571.5,347.75,7.210000038146973,4.514999866485596,89.7300033569336
2006-04-30,-0.45,1501.0,107.19999694824219,651.7999877929688,587.25,346.25,6.554999828338623,4.650000095367432,86.11000061035156
2006-05-31,-0.19,1473.0,98.94999694824219,642.5,579.5,393.5,6.383999824523926,4.715000152587891,84.72000122070312
2006-06-30,-0.05,1646.0,99.5,613.5,594.75,371.5,6.085000038146973,4.860000133514404,85.22000122070312
2006-07-31,0.12,1486.0,99.3499984741211,634.2000122070312,579.5,397.5,8.211000442504883,4.934999942779541,85.30000305175781
2006-08-31,0.33,1420.0,104.0,625.9000244140625,542.25,404.0,6.047999858856201,4.90500020980835,85.05000305175781
2006-09-30,0.54,1472.0,107.6500015258789,598.5999755859375,547.5,443.0,5.619999885559082,4.760000228881836,85.97000122070312
2006-11-30,0.88,1483.0,119.69999694824219,646.9000244140625,685.5,502.0,8.843999862670898,4.889999866485596,82.91999816894531
2006-12-31,0.88,1635.0,126.19999694824219,635.2000122070312,683.5,501.0,6.298999786376953,4.885000228881836,83.72000122070312
2007-01-31,0.62,1617.0,117.6500015258789,652.0,719.5,467.5,7.666999816894531,4.974999904632568,84.61000061035156
2007-02-28,0.19,1720.0,117.69999694824219,669.4000244140625,773.25,474.5,7.300000190734863,4.994999885559082,83.56999969482422
2007-03-31,-0.12,1953.0,109.25,663.0,761.25,438.0,7.730000019073486,4.894999980926514,82.93000030517578
2007-05-31,-0.34,1883.0,111.9000015258789,661.0,806.25,517.0,7.934999942779541,4.590000152587891,82.30000305175781
2007-06-30,-0.41,2054.0,111.0,648.0999755859375,850.0,582.0,6.7729997634887695,4.670000076293945,81.91999816894531
2007-08-31,-0.77,1868.0,112.6500015258789,673.0,868.0,767.0,5.4679999351501465,3.990000009536743,80.79000091552734
2007-09-30,-1.05,2036.0,128.64999389648438,742.7999877929688,991.25,939.0,6.869999885559082,3.700000047683716,77.72000122070312
2007-10-31,-1.38,1945.0,121.3499984741211,792.0,1010.0,808.0,8.329999923706055,3.819999933242798,76.4800033569336
2007-11-30,-1.57,1978.0,125.94999694824219,782.2000122070312,1080.0,867.0,7.302000045776367,3.069999933242798,76.1500015258789
2007-12-31,-1.72,2035.0,136.1999969482422,834.9000244140625,1199.0,885.0,7.482999801635742,3.140000104904175,76.69999694824219
2008-01-31,-1.76,2326.0,138.14999389648438,922.7000122070312,1274.5,929.5,8.074000358581543,1.8700000047683716,75.18000030517578
2008-02-29,-1.61,2754.0,164.60000610351562,972.0999755859375,1522.0,1073.0,9.366000175476074,1.784999966621399,73.70999908447266
2008-03-31,-1.37,2321.0,127.4000015258789,916.2000122070312,1197.25,929.0,10.10099983215332,1.274999976158142,71.80000305175781
2008-04-30,-1.05,2882.0,134.5500030517578,862.7999877929688,1301.75,787.25,10.843000411987305,1.340000033378601,72.51000213623047
2008-05-31,-0.85,2723.0,133.89999389648438,887.2999877929688,1363.5,761.5,11.70300006866455,1.850000023841858,72.87999725341797
2008-07-31,-0.33,2858.0,139.35000610351562,913.9000244140625,1395.75,783.75,9.119000434875488,1.6349999904632568,73.2300033569336
2008-08-31,-0.2,2864.0,141.89999389648438,829.2999877929688,1332.0,779.25,7.942999839782715,1.690000057220459,77.37999725341797
2008-09-30,-0.25,2558.0,130.4499969482422,874.2000122070312,1045.0,680.0,7.438000202178955,0.8999999761581421,79.44999694824219
2008-10-31,-0.36,2053.0,113.0,716.7999877929688,925.25,536.25,6.7829999923706055,0.4350000023841858,85.62999725341797
2008-11-30,-0.57,2372.0,114.0999984741211,816.2000122070312,883.0,542.5,6.510000228881836,0.019999999552965164,86.5199966430664
2008-12-31,-0.79,2665.0,112.05000305175781,883.5999755859375,972.25,610.75,5.622000217437744,0.11500000208616257,81.30999755859375
2009-01-31,-0.89,2771.0,118.9000015258789,927.2999877929688,980.0,568.0,4.416999816894531,0.2199999988079071,86.0
2009-04-30,-0.35,2345.0,115.0,890.7000122070312,1070.0,524.25,3.372999906539917,0.125,84.61000061035156
2009-05-31,0.03,2588.0,137.39999389648438,978.7999877929688,1184.0,637.25,3.8350000381469727,0.12999999523162842,80.43000030517578
2009-06-30,0.34,2487.0,117.30000305175781,927.0999755859375,1226.25,511.25,3.8350000381469727,0.18000000715255737,80.12999725341797
2009-07-31,0.5,2892.0,127.8499984741211,953.7000122070312,1134.0,528.25,3.6530001163482666,0.17499999701976776,78.3499984741211
2009-08-31,0.56,2772.0,120.9000015258789,951.7000122070312,1100.0,471.0,2.9769999980926514,0.12999999523162842,78.16999816894531
2009-09-30,0.66,3140.0,127.80000305175781,1008.0,927.0,457.5,4.841000080108643,0.11500000208616257,76.6500015258789
2009-10-31,0.92,3297.0,135.5,1039.699951171875,978.0,494.25,5.045000076293945,0.04500000178813934,76.30000305175781
2009-12-31,1.5,3289.0,135.9499969482422,1095.199951171875,1039.75,541.5,5.572000026702881,0.05000000074505806,77.86000061035156
2010-01-31,1.47,3184.0,131.6999969482422,1083.0,914.0,474.0,5.13100004196167,0.07000000029802322,79.45999908447266
2010-02-28,1.21,2917.0,129.0500030517578,1118.300048828125,951.0,506.5,4.813000202178955,0.11500000208616257,80.36000061035156
2010-03-31,0.88,2969.0,136.14999389648438,1113.300048828125,941.0,450.5,3.86899995803833,0.15000000596046448,81.06999969482422
2010-04-30,0.38,3229.0,135.1999969482422,1180.0999755859375,989.5,491.75,3.9200000762939453,0.1550000011920929,81.87000274658203
2010-05-31,-0.16,2965.0,134.25,1212.199951171875,937.75,457.75,4.341000080108643,0.15000000596046448,86.58999633789062
2010-06-30,-0.66,2894.0,164.1999969482422,1245.5,948.5,464.75,4.616000175476074,0.17000000178813934,86.0199966430664
2010-07-31,-0.98,3091.0,176.3000030517578,1181.699951171875,1052.5,661.5,4.922999858856201,0.14000000059604645,81.54000091552734
2010-09-30,-1.43,2814.0,183.0500030517578,1307.800048828125,1106.75,674.0,3.871999979019165,0.1550000011920929,78.72000122070312
2010-10-31,-1.54,2797.0,203.4499969482422,1357.0999755859375,1226.0,717.25,4.038000106811523,0.10999999940395355,77.2699966430664
2010-11-30,-1.57,2772.0,200.9499969482422,1385.0,1243.0,650.25,4.179999828338623,0.1599999964237213,81.19999694824219
2010-12-31,-1.48,3035.0,240.5,1421.0999755859375,1393.75,794.25,4.40500020980835,0.11500000208616257,79.02999877929688
2011-01-31,-1.29,3352.0,244.8000030517578,1333.800048828125,1413.0,840.75,4.420000076293945,0.14499999582767487,77.73999786376953
2011-02-28,-1.06,3757.0,271.70001220703125,1409.300048828125,1357.25,782.5,4.0370001792907715,0.13500000536441803,76.88999938964844
2011-03-31,-0.85,2952.0,264.1499938964844,1438.9000244140625,1410.25,763.25,4.388999938964844,0.09000000357627869,75.86000061035156
2011-04-30,-0.68,3390.0,299.3500061035156,1556.0,1392.75,769.25,4.697999954223633,0.03999999910593033,72.93000030517578
2011-06-30,-0.34,3170.0,265.3500061035156,1502.300048828125,1306.25,584.75,4.374000072479248,0.014999999664723873,74.30000305175781
2011-07-31,-0.37,2974.0,239.5500030517578,1628.300048828125,1354.25,672.5,4.144999980926514,0.09000000357627869,73.9000015258789
2011-08-31,-0.5,3098.0,289.1000061035156,1828.5,1449.0,745.25,4.053999900817871,0.014999999664723873,74.12999725341797
2011-09-30,-0.76,2608.0,228.89999389648438,1620.4000244140625,1179.0,609.25,3.6659998893737793,0.009999999776482582,78.55000305175781
2011-10-31,-0.94,2696.0,226.9499969482422,1724.199951171875,1207.5,628.25,3.934000015258789,0.004999999888241291,76.16999816894531
2011-11-30,-1.02,2162.0,233.8000030517578,1745.5,1131.25,595.75,3.549999952316284,0.014999999664723873,78.38999938964844
2011-12-31,-0.92,2109.0,226.85000610351562,1565.800048828125,1198.5,652.75,2.989000082015991,0.004999999888241291,80.16999816894531
2012-02-29,-0.56,2383.0,203.14999389648438,1709.9000244140625,1313.5,664.25,2.615999937057495,0.07500000298023224,78.7300033569336
2012-03-31,-0.44,2219.0,182.4499969482422,1669.300048828125,1403.0,660.75,2.125999927520752,0.06499999761581421,78.93000030517578
2012-05-31,-0.18,2083.0,160.64999389648438,1562.5999755859375,1340.0,643.75,2.421999931335449,0.05999999865889549,83.04000091552734
2012-06-30,0.03,2289.0,170.10000610351562,1603.5,1512.75,739.0,2.8239998817443848,0.07999999821186066,81.6500015258789
2012-08-31,0.39,2656.0,164.5500030517578,1684.5999755859375,1764.5,870.0,2.7990000247955322,0.08500000089406967,81.25
2012-09-30,0.37,2516.0,173.5,1771.0999755859375,1601.0,902.5,3.319999933242798,0.09000000357627869,79.94000244140625
2012-10-31,0.28,2388.0,154.64999389648438,1717.5,1547.0,864.5,3.691999912261963,0.10499999672174454,79.91999816894531
2012-11-30,0.13,2538.0,142.10000610351562,1710.9000244140625,1438.75,844.75,3.561000108718872,0.07500000298023224,80.1500015258789
2012-12-31,-0.03,2236.0,143.8000030517578,1674.800048828125,1418.75,778.0,3.3510000705718994,0.03500000014901161,79.7699966430664
2013-01-31,-0.24,2205.0,146.9499969482422,1660.5999755859375,1468.5,779.5,3.3389999866485596,0.06499999761581421,79.20999908447266
2013-02-28,-0.28,2146.0,142.64999389648438,1577.699951171875,1474.25,707.75,3.4860000610351562,0.10000000149011612,81.9800033569336
2013-03-31,-0.23,2170.0,137.14999389648438,1594.800048828125,1404.75,687.75,4.02400016784668,0.06499999761581421,82.98999786376953
2013-04-30,-0.2,2368.0,134.9499969482422,1472.199951171875,1467.75,721.75,4.3429999351501465,0.04500000178813934,81.7300033569336
2013-05-31,-0.3,2191.0,127.05000305175781,1392.5999755859375,1510.0,705.5,3.9839999675750732,0.029999999329447746,83.37999725341797
2013-06-30,-0.38,2194.0,120.0,1223.800048828125,1564.5,648.5,3.565000057220459,0.029999999329447746,83.16999816894531
2013-07-31,-0.45,2298.0,118.5999984741211,1312.4000244140625,1374.0,664.25,3.446000099182129,0.029999999329447746,81.44999694824219
2013-08-31,-0.34,2413.0,112.0999984741211,1396.0999755859375,1424.0,643.25,3.5810000896453857,0.019999999552965164,82.08999633789062
2013-10-31,-0.14,2677.0,105.4000015258789,1323.5999755859375,1280.25,667.5,3.5810000896453857,0.032999999821186066,80.19999694824219
2013-11-30,-0.12,2791.0,110.25,1250.5999755859375,1336.5,655.0,3.9539999961853027,0.054999999701976776,80.68000030517578
2014-01-31,-0.24,2911.0,125.19999694824219,1240.0999755859375,1282.75,555.75,4.942999839782715,0.009999999776482582,81.2699966430664
2014-02-28,-0.21,2935.0,179.8000030517578,1321.4000244140625,1414.25,599.0,4.609000205993652,0.0430000014603138,79.77999877929688
2014-03-31,-0.02,2955.0,177.89999389648438,1283.4000244140625,1464.0,697.25,4.370999813079834,0.02800000086426735,80.0999984741211
2014-04-30,0.25,2974.0,203.0500030517578,1295.5999755859375,1530.75,713.0,4.815000057220459,0.019999999552965164,79.48999786376953
2014-05-31,0.35,3071.0,177.5,1245.5999755859375,1493.25,627.25,4.541999816894531,0.029999999329447746,80.37000274658203
2014-07-31,0.07,3219.0,195.0500030517578,1281.300048828125,1224.5,530.25,3.8410000801086426,0.017999999225139618,81.45999908447266
2014-08-31,0.07,3219.0,195.75,1285.800048828125,1089.5,550.25,4.065000057220459,0.017999999225139618,82.75
2014-09-30,0.24,3300.0,193.35000610351562,1210.5,913.25,477.75,4.120999813079834,0.013000000268220901,85.94000244140625
2014-10-31,0.51,2899.0,188.0,1171.0999755859375,1046.5,532.5,3.872999906539917,0.003000000026077032,86.87999725341797
2014-11-30,0.7,2880.0,186.64999389648438,1175.199951171875,1016.0,577.25,4.0879998207092285,0.004999999888241291,88.36000061035156
2014-12-31,0.8,2910.0,166.60000610351562,1183.9000244140625,1019.25,589.75,2.8889999389648438,0.03700000047683716,90.2699966430664
2015-01-31,0.73,2693.0,161.89999389648438,1278.5,961.0,502.75,2.690999984741211,0.004999999888241291,94.80000305175781
2015-04-30,0.86,2943.0,136.5500030517578,1182.4000244140625,978.5,467.0,2.750999927520752,0.004999999888241291,94.5999984741211
2015-05-31,1.04,3085.0,126.1500015258789,1189.4000244140625,934.0,477.0,2.6419999599456787,0.003000000026077032,96.91000366210938
2015-06-30,1.19,3275.0,130.64999389648438,1171.5,1056.25,614.75,2.8320000171661377,0.009999999776482582,95.48999786376953
2015-07-31,1.44,3209.0,125.25,1094.9000244140625,980.75,499.25,2.7160000801086426,0.057999998331069946,97.37000274658203
2015-08-31,1.73,3102.0,120.55000305175781,1131.5999755859375,897.5,482.5,2.688999891281128,0.003000000026077032,95.94999694824219
2015-09-30,2.02,3114.0,121.3499984741211,1115.5,892.0,512.75,2.5239999294281006,0.004999999888241291,96.3499984741211
2015-10-31,2.28,3259.0,120.94999694824219,1141.5,883.75,522.0,2.321000099182129,0.06800000369548798,96.94999694824219
2015-12-31,2.59,3211.0,126.69999694824219,1060.300048828125,871.25,470.0,2.3369998931884766,0.14800000190734863,98.62999725341797
2016-01-31,2.5,2761.0,116.3499984741211,1116.4000244140625,882.25,479.25,2.2980000972747803,0.30000001192092896,99.61000061035156
2016-02-29,2.21,2949.0,112.6500015258789,1233.9000244140625,853.0,445.0,1.7109999656677246,0.30799999833106995,98.20999908447266
2016-03-31,1.69,2950.0,127.44999694824219,1234.199951171875,910.75,473.5,1.9589999914169312,0.19300000369548798,94.58999633789062
2016-04-30,1.11,3207.0,120.8499984741211,1289.199951171875,1021.0,478.0,2.177999973297119,0.19300000369548798,93.08000183105469
2016-06-30,0.09,3004.0,144.10000610351562,1318.4000244140625,1175.0,431.25,2.9240000247955322,0.24799999594688416,96.13999938964844
2016-07-31,-0.19,2835.0,146.1999969482422,1349.0,1032.5,407.75,2.875999927520752,0.23999999463558197,95.52999877929688
2016-08-31,-0.34,2921.0,145.89999389648438,1306.9000244140625,960.0,361.0,2.88700008392334,0.3199999928474426,96.0199966430664
2016-09-30,-0.42,2761.0,151.5500030517578,1313.300048828125,954.0,402.0,2.9059998989105225,0.25999999046325684,95.45999908447266
2016-10-31,-0.51,2735.0,164.14999389648438,1271.5,1002.25,416.25,3.0260000228881836,0.29499998688697815,98.44999694824219
2016-11-30,-0.49,2387.0,147.5,1170.800048828125,1032.25,380.5,3.3519999980926514,0.46799999475479126,101.5
2016-12-31,-0.37,2126.0,137.0500030517578,1150.0,996.5,408.0,3.7239999771118164,0.47999998927116394,102.38999938964844
2017-02-28,0.08,1943.0,140.6999969482422,1252.5999755859375,1025.0,424.75,2.7739999294281006,0.5230000019073486,101.12000274658203
2017-03-31,0.27,2095.0,139.3000030517578,1247.300048828125,946.0,426.5,3.190000057220459,0.7379999756813049,100.3499984741211
2017-04-30,0.32,1844.0,131.0500030517578,1266.0999755859375,945.25,418.5,3.2760000228881836,0.7799999713897705,99.05000305175781
2017-05-31,0.35,2048.0,129.35000610351562,1272.0,916.0,429.25,3.071000099182129,0.949999988079071,96.91999816894531
2017-06-30,0.32,1903.0,124.05000305175781,1240.699951171875,942.25,511.0,3.0350000858306885,0.9929999709129333,95.66000366210938
2017-07-31,0.14,2060.0,139.25,1266.5999755859375,994.5,474.5,2.7939999103546143,1.0529999732971191,92.86000061035156
2017-08-31,-0.07,1966.0,128.14999389648438,1316.199951171875,936.25,410.25,3.0399999618530273,0.9779999852180481,92.66999816894531
2017-09-30,-0.23,2043.0,128.0500030517578,1281.5,968.25,448.25,3.006999969482422,1.027999997138977,93.08000183105469
2017-11-30,-0.61,2048.0,126.30000305175781,1273.199951171875,985.75,409.25,3.0250000953674316,1.2380000352859497,93.01000213623047
2017-12-31,-0.76,1892.0,126.19999694824219,1306.300048828125,951.75,427.0,2.953000068664551,1.3550000190734863,92.12000274658203
2018-01-31,-0.71,1996.0,121.8499984741211,1339.0,995.75,451.75,2.994999885559082,1.4299999475479126,89.12999725341797
2018-02-28,-0.67,2240.0,121.05000305175781,1315.5,1045.0,484.5,2.6670000553131104,1.6180000305175781,90.61000061035156
2018-03-31,-0.55,2556.0,118.1500015258789,1322.800048828125,1044.75,451.0,2.7330000400543213,1.6699999570846558,89.97000122070312
2018-05-31,-0.07,2454.0,123.69999694824219,1300.0999755859375,1018.5,526.25,2.9519999027252197,1.8700000047683716,93.98999786376953
2018-06-30,0.13,2476.0,111.5,1251.300048828125,858.5,497.5,2.9240000247955322,1.8799999952316284,94.62999725341797
2018-08-31,0.3,2323.0,98.0999984741211,1200.300048828125,833.0,518.5,2.9159998893737793,2.055000066757202,95.13999938964844
2018-09-30,0.52,2057.0,102.44999694824219,1191.5,845.5,509.0,3.007999897003174,2.1500000953674316,95.19000244140625
2018-10-31,0.82,2234.0,112.69999694824219,1212.300048828125,839.0,500.5,3.260999917984009,2.2780001163482666,97.12999725341797
2018-11-30,1.04,2144.0,103.25,1220.199951171875,894.75,515.75,4.611999988555908,2.308000087738037,97.2699966430664
2018-12-31,1.05,2416.0,101.8499984741211,1278.300048828125,882.5,503.25,2.940000057220459,2.299999952316284,96.16999816894531
2019-01-31,0.99,2168.0,105.9000015258789,1319.699951171875,915.25,516.5,2.813999891281128,2.3399999141693115,95.58000183105469
2019-02-28,0.94,2238.0,95.19999694824219,1312.800048828125,897.5,452.5,2.812000036239624,2.382999897003174,96.16000366210938
2019-03-31,0.87,2280.0,94.5,1293.0,884.25,457.75,2.6619999408721924,2.328000068664551,97.27999877929688
2019-04-30,0.82,2368.0,91.8499984741211,1282.800048828125,841.25,418.5,2.575000047683716,2.368000030517578,97.4800033569336
2019-05-31,0.71,2400.0,104.5999984741211,1305.800048828125,877.75,503.0,2.4539999961853027,2.2929999828338623,97.75
2019-06-30,0.59,2450.0,108.25,1409.699951171875,899.75,528.0,2.308000087738037,2.0350000858306885,96.12999725341797
2019-07-31,0.38,2345.0,99.6500015258789,1426.0999755859375,864.0,487.25,2.2330000400543213,2.0299999713897705,98.5199966430664
2019-08-31,0.2,2161.0,93.5999984741211,1519.0999755859375,857.0,451.25,2.2850000858306885,1.9329999685287476,98.91999816894531
2019-10-31,0.51,2403.0,101.94999694824219,1511.4000244140625,916.75,508.75,2.632999897003174,1.4980000257492065,97.3499984741211
2019-11-30,0.72,2617.0,118.55000305175781,1465.5999755859375,876.75,547.5,2.2809998989105225,1.5399999618530273,98.2699966430664
2020-01-31,0.71,2777.0,102.6500015258789,1582.9000244140625,872.5,553.75,1.840999960899353,1.5099999904632568,97.38999938964844
2020-02-29,0.66,2760.0,110.0999984741211,1564.0999755859375,883.5,529.0,1.684000015258789,1.2300000190734863,98.12999725341797
2020-04-30,0.33,2432.0,104.6500015258789,1684.199951171875,850.25,529.75,1.9490000009536743,0.09000000357627869,99.0199966430664
2020-05-31,0.04,2454.0,96.30000305175781,1736.9000244140625,840.75,520.75,1.8489999771118164,0.12800000607967377,98.33999633789062
2020-06-30,-0.18,2251.0,100.05000305175781,1793.0,884.25,490.0,1.7510000467300415,0.13500000536441803,97.38999938964844
2020-07-31,-0.29,2400.0,118.94999694824219,1962.800048828125,897.5,531.25,1.7990000247955322,0.08299999684095383,93.48999786376953
2020-08-31,-0.43,2723.0,129.8000030517578,1967.5999755859375,951.25,544.25,2.630000114440918,0.0949999988079071,92.13999938964844
2020-09-30,-0.77,2546.0,110.94999694824219,1887.5,1023.5,578.0,2.5269999504089355,0.08500000089406967,93.88999938964844
2020-10-31,-1.0,2293.0,104.4000015258789,1877.4000244140625,1056.5,598.5,3.3540000915527344,0.08299999684095383,94.04000091552734
2020-12-31,-1.06,2603.0,128.25,1893.0999755859375,1315.25,640.5,2.5390000343322754,0.06499999761581421,89.94000244140625
2021-01-31,-0.99,2531.0,122.94999694824219,1847.300048828125,1370.0,663.0,2.563999891281128,0.04800000041723251,90.58000183105469
2021-02-28,-0.85,2701.0,136.85000610351562,1728.0999755859375,1405.25,655.0,2.7709999084472656,0.03500000014901161,90.93000030517578
2021-03-31,-0.74,2348.0,123.5,1713.800048828125,1436.75,618.0,2.6080000400543213,0.013000000268220901,93.2300033569336
2021-04-30,-0.56,2342.0,139.9499969482422,1767.300048828125,1571.0,742.5,2.930999994277954,0.003000000026077032,91.27999877929688
2021-05-31,-0.4,2412.0,162.35000610351562,1902.5,1530.5,663.5,2.9860000610351562,0.00800000037997961,89.83999633789062
2021-06-30,-0.31,2360.0,159.35000610351562,1770.800048828125,1450.0,671.5,3.6500000953674316,0.03999999910593033,92.44000244140625
2021-07-31,-0.35,2366.0,179.5500030517578,1812.5999755859375,1414.75,703.75,3.9140000343322754,0.03999999910593033,92.16999816894531
2021-09-30,-0.64,2652.0,194.0,1755.300048828125,1256.0,725.5,5.867000102996826,0.02800000086426735,94.25
2021-10-31,-0.77,2544.0,203.9499969482422,1783.0,1235.75,772.75,5.426000118255615,0.04800000041723251,94.12000274658203
2021-11-30,-0.91,2314.0,233.25,1773.5999755859375,1217.25,773.75,4.566999912261963,0.04800000041723251,95.98999786376953
2021-12-31,-0.83,2520.0,226.10000610351562,1827.5,1328.75,770.75,3.7300000190734863,0.032999999821186066,95.66999816894531
2022-01-31,-0.76,2528.0,235.10000610351562,1795.0,1490.5,761.25,4.874000072479248,0.17299999296665192,96.54000091552734
2022-02-28,-0.68,2491.0,234.25,1899.4000244140625,1644.25,928.0,4.4019999504089355,0.2879999876022339,96.70999908447266
2022-03-31,-0.77,2650.0,226.39999389648438,1949.199951171875,1618.25,1006.0,5.642000198364258,0.49300000071525574,98.30999755859375
2022-04-30,-0.86,2597.0,222.5500030517578,1909.300048828125,1708.25,1043.75,7.24399995803833,0.8080000281333923,102.95999908447266
2022-06-30,-0.73,2291.0,233.60000610351562,1804.0999755859375,1675.0,868.75,5.423999786376953,1.600000023841858,104.69000244140625
2022-07-31,-0.7,2323.0,217.1999969482422,1762.9000244140625,1637.0,807.75,8.229000091552734,2.2980000972747803,105.9000015258789
2022-08-31,-0.78,2427.0,239.10000610351562,1712.800048828125,1507.5,809.0,9.126999855041504,2.859999895095825,108.69999694824219
2022-09-30,-0.87,2354.0,221.5500030517578,1662.4000244140625,1364.75,921.5,6.765999794006348,3.180000066757202,112.12000274658203
2022-10-31,-0.89,2335.0,177.6999969482422,1635.9000244140625,1407.0,882.25,6.355000019073486,3.9749999046325684,111.52999877929688
2022-11-30,-0.82,2451.0,167.6999969482422,1746.0,1469.5,771.5,6.929999828338623,4.252999782562256,105.94999694824219
2022-12-31,-0.7,2600.0,167.3000030517578,1819.699951171875,1519.25,792.0,4.474999904632568,4.260000228881836,103.5199966430664
2023-02-28,-0.33,2748.0,190.39999389648438,1828.9000244140625,1490.5,691.5,2.746999979019165,4.710000038146973,104.87000274658203
2023-03-31,-0.11,2933.0,170.5,1969.0,1505.5,692.25,2.2160000801086426,4.585000038146973,102.51000213623047
2023-04-30,0.19,3174.0,189.85000610351562,1990.0999755859375,1444.25,619.75,2.4100000858306885,4.922999858856201,101.66999816894531
2023-05-31,0.46,3007.0,178.64999389648438,1963.9000244140625,1299.75,594.25,2.2660000324249268,5.248000144958496,104.31999969482422
2023-06-30,0.73,3318.0,161.0,1921.0999755859375,1557.25,636.25,2.7980000972747803,5.1529998779296875,102.91000366210938
2023-07-31,1.0,3548.0,164.64999389648438,1970.5,1445.75,665.75,2.634000062942505,5.248000144958496,101.86000061035156
2023-08-31,1.25,3602.0,152.6999969482422,1938.199951171875,1360.0,573.0,2.7679998874664307,5.297999858856201,103.62000274658203
2023-09-30,1.5,3418.0,146.14999389648438,1848.0999755859375,1275.0,541.5,2.928999900817871,5.300000190734863,106.16999816894531
2023-11-30,1.9,4475.0,195.0,2038.0999755859375,1342.75,570.25,2.802000045776367,5.23799991607666,103.5
2023-12-31,1.99,4196.0,188.3000030517578,2062.39990234375,1293.5,628.0,2.5139999389648438,5.179999828338623,101.33000183105469
2024-01-31,1.84,4822.0,194.0500030517578,2048.39990234375,1222.25,595.25,2.0999999046325684,5.188000202178955,103.2699966430664
2024-02-29,1.53,6510.0,195.85000610351562,2045.699951171875,1128.25,577.5,1.8600000143051147,5.2230000495910645,104.16000366210938
2024-03-31,1.18,9766.0,188.85000610351562,2217.39990234375,1191.5,560.25,1.7630000114440918,5.203000068664551,104.55000305175781
2024-04-30,0.77,10133.0,220.64999389648438,2291.39990234375,1145.5,585.0,1.9910000562667847,5.244999885559082,106.22000122070312
2024-05-31,0.43,9331.0,222.35000610351562,2322.89990234375,1205.0,678.5,2.5869998931884766,5.244999885559082,104.66999816894531
2024-06-30,0.18,7729.0,228.9499969482422,2327.699951171875,1150.5,553.5,2.6010000705718994,5.2129998207092285,105.87000274658203
2024-07-31,0.06,8092.0,229.1999969482422,2426.5,1028.5,527.25,2.0360000133514404,5.135000228881836,104.0999984741211
2024-08-31,-0.04,9666.0,248.1999969482422,2493.800048828125,982.0,532.75,2.127000093460083,4.9679999351501465,101.69999694824219
2024-10-31,-0.19,7334.0,245.89999389648438,2738.300048828125,982.5,570.5,2.7070000171661377,4.432000160217285,103.9800033569336
2024-11-30,-0.29,9220.0,321.6499938964844,2657.0,989.5,532.25,3.36299991607666,4.373000144958496,105.73999786376953
2025-01-31,-0.46,10987.0,377.8500061035156,2812.5,1042.0,559.5,3.0439999103546143,4.188000202178955,108.37000274658203
2025-02-28,-0.22,9014.0,379.04998779296875,2836.800048828125,1011.5,537.0,3.8340001106262207,4.192999839782715,107.61000061035156
2025-03-31,-0.08,7902.0,379.75,3122.800048828125,1014.75,537.0,4.11899995803833,4.192999839782715,104.20999908447266
2025-04-30,0.02,9127.0,413.6000061035156,3305.0,1034.75,513.0,3.3259999752044678,4.190000057220459,99.47000122070312
2025-05-31,-0.04,9791.0,342.45001220703125,3288.89990234375,1041.75,534.0,3.447000026702881,4.23199987411499,99.33000183105469
2025-07-31,-0.11,8506.0,295.79998779296875,3293.199951171875,961.75,523.25,3.1059999465942383,4.235000133514404,100.02999877929688
2025-08-31,-0.26,7635.0,396.8500061035156,3473.699951171875,1036.75,518.0,2.996999979019165,4.043000221252441,97.7699966430664
2025-09-30,-0.43,6749.0,374.8500061035156,3840.800048828125,1001.75,508.0,3.302999973297119,3.8450000286102295,97.7699966430664
2025-10-31,-0.57,6151.0,392.04998779296875,3982.199951171875,1099.75,534.0,4.124000072479248,3.7179999351501465,99.80000305175781
2025-11-30,-0.61,5404.0,413.0,4218.2998046875,1137.75,531.0,4.849999904632568,3.697000026702881,99.45999908447266
2025-12-31,-0.6,6065.0,348.75,4325.60009765625,1030.5,507.0,3.686000108718872,3.546999931335449,98.27999877929688
2026-01-31,-0.39,4165.0,332.25,4713.89990234375,1064.25,538.0,4.354000091552734,3.572000026702881,96.98999786376953
2026-04-30,0.46,3494.0,300.8999938964844,4614.7001953125,1182.0,623.75,2.7669999599456787,3.5850000381469727,98.08000183105469
2026-05-31,0.95,3923.0,265.6000061035156,4560.5,1186.75,610.5,3.2899999618530273,3.5880000591278076,98.91000366210938
2026-06-30,1.39,5002.0,311.20001220703125,4022.89990234375,1116.75,580.75,3.2750000953674316,3.7320001125335693,101.19000244140625
2026-07-31,1.8,5397.0,332.1000061035156,4049.10009765625,1172.0,639.25,2.746999979019165,3.681999921798706,99.80000305175781
